{ "license": "Copyright ©, 2015. Autodesk, Inc.", "file_hash": null, "name": "Solar Analysis for Dynamo", "version": "1.10.0", "description": "A library for conducting solar insolation analysis in Dynamo. This version of Solar Analysis for Dynamo will timeout on December 31, 2021", "group": "Dynamo Team", "keywords": [ "solar", "analysis",  "insolation"], "dependencies": [], "contents": "", "engine_version": "2.6.1", "engine": "dynamo", "engine_metadata": "", "site_url": "http://www.autodesk.com", "repository_url": "", "contains_binaries": true, "node_libraries": [ "DynamoSolarAnalysis, Version=1.10.0, Culture=neutral, PublicKeyToken=null", "DynamoSolarAnalysisUI, Version=1.10.0, Culture=neutral, PublicKeyToken=null"]}  
